<?xml version="1.0" encoding="UTF-8"?>
<model package="socialtools" baseClass="xPDOObject" platform="mysql" defaultEngine="MyISAM" phpdoc-package="socialtools" version="1.1">

	<object class="socDialogReceive" table="soc_dialogReceive" extends="xPDOSimpleObject">
        <field key="subject" dbtype="varchar" precision="255" phptype="string" null="false" default="" />
        <field key="message" dbtype="text" phptype="string" null="false" default="" />
        <field key="sender" dbtype="int" precision="10" phptype="integer" null="false" default="0" />
        <field key="recipient" dbtype="int" precision="10" phptype="integer" null="false" default="0" />
        <field key="private" dbtype="tinyint" precision="4" phptype="integer" null="false" default="0" />
        <field key="date_sent" dbtype="datetime" phptype="datetime" null="false" default="0000-00-00 00:00:00" />
        <field key="is_read" dbtype="tinyint" precision="1" phptype="integer" null="false" default="0" />
		<field key="type_d" dbtype="varchar" precision="255" phptype="string" null="false" default="dialog" />
	</object>
	<object class="socDialogSend" table="soc_dialogSend" extends="xPDOSimpleObject">
        <field key="subject" dbtype="varchar" precision="255" phptype="string" null="false" default="" />
        <field key="message" dbtype="text" phptype="string" null="false" default="" />
        <field key="sender" dbtype="int" precision="10" phptype="integer" null="false" default="0" />
        <field key="recipient" dbtype="int" precision="10" phptype="integer" null="false" default="0" />
        <field key="private" dbtype="tinyint" precision="4" phptype="integer" null="false" default="0" />
        <field key="date_sent" dbtype="datetime" phptype="datetime" null="false" default="0000-00-00 00:00:00" />
        <field key="is_read" dbtype="tinyint" precision="1" phptype="integer" null="false" default="0" />
		<field key="type_d" dbtype="varchar" precision="255" phptype="string" null="false" default="dialog" />
	</object>
		<object class="SocialToolsItem" table="socialtools_items" extends="xPDOSimpleObject">
		<field key="name" dbtype="varchar" precision="100" phptype="string" null="false" default="" />
		<field key="description" dbtype="text" phptype="text" null="true" default="" />

		<index alias="name" name="name" primary="false" unique="false" type="BTREE">
			<column key="name" length="" collation="A" null="false" />
		</index>
	</object>
</model>